lsu_23s_contig_len	Contig length.	INT	metadata_rna
ssu_contig_len	SSU Silva Contig Length.	INT	metadata_rna
lsu_silva_23s_blast_bitscore	Bitscore of BLAST hit for 23S Sequences.	FLOAT	metadata_rna
lsu_silva_23s_taxonomy	Greengenes taxonomy string mapped to SILVA database for 23S Sequences.	TEXT	metadata_rna
lsu_silva_23s_blast_subject_id	Sequence identifier of BLAST hit for 23S Sequences.	TEXT	metadata_rna
lsu_23s_query_id	Query id for 23S Sequences.	TEXT	metadata_rna
lsu_silva_23s_blast_align_len	Alignment length of BLAST hit for 23S Sequences.	INT	metadata_rna
lsu_23s_length	Length of query sequence for 23S Sequences.	INT	metadata_rna
lsu_silva_23s_blast_evalue	E-value of BLAST hit for 23S Sequences.	FLOAT	metadata_rna
lsu_silva_23s_blast_perc_identity	Percent identity of BLAST hit for 23S Sequences.	FLOAT	metadata_rna
ssu_silva_blast_bitscore	Bitscore of BLAST hit.	FLOAT	metadata_rna
ssu_silva_taxonomy	Greengenes taxonomy string mapped to SILVA database.	TEXT	metadata_rna
ssu_silva_blast_subject_id	Sequence identifier of BLAST hit.	TEXT	metadata_rna
ssu_query_id	Query id.	TEXT	metadata_rna
ssu_silva_blast_align_len	Alignment length of BLAST hit.	INT	metadata_rna
ssu_length	Length of query sequence.	INT	metadata_rna
ssu_silva_blast_evalue	E-value of BLAST hit.	FLOAT	metadata_rna
ssu_silva_blast_perc_identity	Percent identity of BLAST hit.	FLOAT	metadata_rna
lsu_5s_query_id	Query id.	TEXT	metadata_rna
lsu_5s_length	Length of query sequence.	INT	metadata_rna
lsu_5s_contig_len	Length of contig containing 5S LSU sequence.	INT	metadata_rna
ssu_ltp_taxonomy	LTP taxonomy string of the BLAST hit of the 16S rRNA gene of ssu_query_id.	TEXT	metadata_rna
ssu_ltp_blast_subject_id	Sequence identifier of the LTP BLAST hit.	TEXT	metadata_rna
ssu_ltp_blast_evalue	E-value of the LTP BLAST hit.	FLOAT	metadata_rna
ssu_ltp_blast_bitscore	Bitscore of the LTP BLAST hit.	FLOAT	metadata_rna
ssu_ltp_blast_align_len	Alignment length of the LTP BLAST hit.	INT	metadata_rna
ssu_ltp_blast_perc_identity	Percent identity of the LTP BLAST hit.	FLOAT	metadata_rna
